record_id,action,record_id_dob
P2018R0247,remove,520384058
P2018R0247,remove,520328057
P2012K0250,remove,320896349
2020K0316,remove,320896349
P2015K0246,remove,321597884
P2015K0246,remove,320896349
P2015K0246,remove,321721320
P2015K0246,remove,320915006
P2015K0246,remove,321497457
P2015K0246,remove,320722599
P2015K0246,remove,320722624
P2015K0246,remove,321584166
P2015K0246,remove,320912321
P2015K0246,remove,320722615
P2015K0246,remove,321681505
P2015K0246,remove,321915718
P2015K0246,remove,320722606
2018M0383,remove,121188188
2019M0254,remove,121188918
2021M0262,remove,121190692
P2004R0335,remove,500783636
P2004R0335,remove,500259034
P2004R0335,remove,500259025
P2004R0335,remove,500259016
P2004R0335,remove,500259007
P2004R0335,remove,500258990
P2004R0335,remove,500258981
P2004R0335,remove,500258972
P2005R0244,remove,500258945
P2005R0244,remove,500258954
P2005R0244,remove,500258963
P2005R0244,remove,500258972
P2001R0091,remove,500310095
P2001R0091,remove,500310086
P2001R0091,remove,500310102
P2001R0091,remove,500310111
P2001R0091,remove,500310120
P2001R0091,remove,500453298
P2004R0007,remove,500427781
P2004R0007,remove,500427790
P2000R0194,remove,500397723
P2004R0007,remove,500397723
P2004R0007,remove,500397732
P2000R0222,remove,500438902
P2000R0326,remove,500446760
P2000R0326,remove,500446779
P2000R0326,remove,500446788
P2000R0326,remove,500446804
P2004R0145,remove,500497429
P2001R0358,remove,500607373
P2004R0197,remove,500607373
P2004R0197,remove,500607391
P2001R0358,remove,500695474
P2004R0078,remove,500695474
P2000R0193,remove,500523374
P2000R0193,remove,500525443
P2003R0296,remove,500525050
P2003R0294,remove,500575424
P2003R0294,remove,500575433
P2003R0294,remove,500575442
P2003R0294,remove,500575576
P2002R0309,remove,500655481
P2005R0092,remove,500637395
P2003R0350,remove,500648089
P2004R0129,remove,500648123
P2004R0129,remove,500648132
P2004R0129,remove,500648141
2019R0032,remove,520389071
P2003R0350,remove,520389071
P2006R0045,remove,500648187
P2004R0213,remove,500652885
P2004R0214,remove,500745919
P2004R0316,remove,500657247
P2004R0316,remove,500657256
P2003R0098,remove,500666111
P2003R0098,remove,500709682
P2003R0098,remove,520045790
P2003R0246,remove,500693127
P2004R0102,remove,500693127
P2002R0233,remove,500693831
P2002R0024,remove,500701083
P2000R0372,remove,500705427
P2006R0135,remove,500705427
P2008R0003,remove,510018160
P2004R0199,remove,520111557
P2006R0135,remove,520111557
P2010R0222,remove,520214713
P2003R0240,remove,500706140
P2004R0173,remove,500778562
P2004R0173,remove,520374737
P2005R0249,remove,500820999
P2003R0051,remove,520313312
P2017R0136,remove,520313321
P2003R0051,remove,500605197
P2003R0051,remove,500864718
P2014R0110,remove,510006486
P2007R0390,remove,510006495
P2014R0110,remove,510006495
P2012R0535,remove,510015573
P2005R0383,remove,510030128
P2006R0311,remove,510051774
P2009R0125,remove,510069989
P2011R0177,remove,510071146
P2009R0234,remove,520029193
3776b3191f0c7bd61ec4d87fa2989b1e,remove,321383702
2021K0340,remove,321786457
P2001R0254,remove,520043765
P2001R0254,remove,500491363
P2009R0223,remove,520049395
P2002R0297,remove,520055225
P2014R0511,remove,520069657
P2000R0350,remove,520071074
P2000R0355,remove,500439634
P2000R0350,remove,520335913
P2000R0355,remove,500439643
P2000R0350,remove,500477085
P2002R0177,remove,520076435
P2010R0042,remove,520087094
P2010R0042,remove,520087101
P2006R0402,remove,520095995
P2011R0139,remove,520095995
P2006R0402,remove,540195395
P2011R0139,remove,540195395
2021R0150,remove,540195402
P2006R0402,remove,540195402
P2014R0288,remove,520099777
P2014R0288,remove,520101924
P2006R0145,remove,500776911
P2002R0304,remove,S00708327
P2002R0304,remove,520105056
P2012R0573,remove,520111156
P2009R0094,remove,520111165
2018M0467,remove,121207014
2018M0467,remove,121209502
P2017M0157,remove,121188918
3776b3191f0c7bd61ec4d87fa2989b1e,remove,B00640786
3776b3191f0c7bd61ec4d87fa2989b1e,remove,321184446
P2014R0262,remove,520115811
P2011R0038,remove,520120798
P2006R0012,remove,520123615
P2007R0067,remove,520136022
P2007R0067,remove,510034204
P2006R0061,remove,520143871
P2006R0061,remove,520143899
P2015R0316,remove,520146066
P2015R0316,remove,520255857
P2012R0138,remove,520148910
P2012R0130,remove,520148929
P2010R0103,remove,520328039
P2007R0363,remove,520328057
P2010R0103,remove,520328057
P2010R0078,remove,520162127
P2014R0283,remove,520162127
P2014R0283,remove,520162118
P2018R0246,remove,520193353
P2014R0336,remove,520193362
P2018R0246,remove,520193362
P2014R0336,remove,520193371
P2014R0336,remove,520193380
P2014R0336,remove,520327012
P2014R0484,remove,520337378
P2014R0484,remove,520337387
P2013K0500,remove,320910822
P2012R0154,remove,520200229
2020R0184,remove,520200684
2020R0196,remove,520200693
2020R0184,remove,520357756
2020R0196,remove,520357756
2020R0219,remove,520357765
2021R0170,remove,540194813
7af17a92988c1e9232737ecba0a2c5cb,remove,321185695
fb0a1ba2954dabf3815cca024615068f,remove,321185695
7af17a92988c1e9232737ecba0a2c5cb,remove,321194088
aa84061c3dce267d40c27c528c461535,remove,321194088
df17291b42504dabe44d814ce098153e,remove,321194088
7af17a92988c1e9232737ecba0a2c5cb,remove,321725282
aa84061c3dce267d40c27c528c461535,remove,321725282
df17291b42504dabe44d814ce098153e,remove,321725282
P2010K0258,remove,B00539478
2021K0148,remove,321590328
P2018K0303,remove,B00501131
90a49d29bd068ffb1acb8f2f893bbbc8,remove,321601012
2021K0255,remove,321601012
2018R0391,remove,520370189
P2014M0299,remove,121944227
P2010X0264,remove,220020830
P2005R0329,remove,520309684
P2004R0281,remove,520330945
2019R0201,remove,520330936
2019R0183,remove,520357122
P2017R0231,remove,520359727
P2016R0009,remove,520362134
P2017R0331,remove,520368414
P2017R0360,remove,520368815
P2015R0185,remove,520382684
P2015R0395,remove,S00596262
2018R0391,remove,520382764
P2017R0398,remove,520322357
P2008R0154,remove,520201709
P2004R0227,remove,500709478
P2014R0390,remove,520201692
P2007R0164,remove,520202192
P2012R0361,remove,520203020
P2013R0112,remove,520203020
P2013R0111,remove,520203039
P2014R0029,remove,520203690
P2014R0472,remove,520203690
P2014R0029,remove,520387796
P2014R0029,remove,520387643
P2005R0247,remove,520217658
P2012R0053,remove,520228968
P2015R0304,remove,520240007
2019R0242,remove,520268013
P2004R0325,remove,520268219
P2012R0608,remove,520268282
P2012R0608,remove,520036933
2019R0130,remove,520278495
2019R0130,remove,520278501
P2017R0137,remove,520278501
2019R0130,remove,520375610
2018R0366,remove,520285405
P2015R0146,remove,520285405
P2008R0295,remove,520339045
P2008R0295,remove,520339063
P2013R0040,remove,520303797
P2015R0071,remove,520290088
P2012R0331,remove,S00487063
P2014R0482,remove,520207561
P2007R0109,remove,500816405
P2012R0331,remove,520294805
P2012R0331,remove,520379233
2022R0106,remove,520114894
2019R0275,remove,520357667
P2012R0331,remove,520290827
P2012R0331,remove,520290836
P2012R0331,remove,520290845
P2012R0331,remove,520290854
P2012R0331,remove,520290863
P2012R0331,remove,520290872
P2012R0331,remove,520290881
P2012R0331,remove,520290890
P2012R0331,remove,520290907
P2012R0331,remove,520290916
P2012R0331,remove,520290925
P2012R0331,remove,520290934
2019R0275,remove,520290998
2021R0282,remove,520291158
2021R0282,remove,520291167
2018M0383,remove,121188188
2021M0262,remove,121190692
2021M0262,remove,121192636
efb35905ddfb449cb21fe2445fb52710,remove,121204464
2019M0031,remove,122693781
0b936ca3d68f79b98f79e360a1216cbe,remove,121205301
efb35905ddfb449cb21fe2445fb52710,remove,121207504
efb35905ddfb449cb21fe2445fb52710,remove,121207933
efb35905ddfb449cb21fe2445fb52710,remove,122082030
P2012X0223,remove,220664840
efb35905ddfb449cb21fe2445fb52710,remove,M00537657
0b936ca3d68f79b98f79e360a1216cbe,remove,M00599495
0b936ca3d68f79b98f79e360a1216cbe,remove,M00599489
efb35905ddfb449cb21fe2445fb52710,remove,M00607118
efb35905ddfb449cb21fe2445fb52710,remove,M00677528
2018R0392,remove,520325924
2018R0392,remove,520328315
3776b3191f0c7bd61ec4d87fa2989b1e,remove,320896349
P2005R0011,remove,520381612
2019R0273,remove,520370508
2021R0229,remove,520392922
P2008R0078,remove,520392922
P2008R0078,remove,S00521545
P2012R0140,remove,520398472
409135788fe521db0ccd1b608fd98eb6,remove,B00601179
2021M0262,remove,M00687607
efb35905ddfb449cb21fe2445fb52710,remove,M00755076
3776b3191f0c7bd61ec4d87fa2989b1e,remove,321591782
3776b3191f0c7bd61ec4d87fa2989b1e,remove,B00546778
3776b3191f0c7bd61ec4d87fa2989b1e,remove,321595350
P2001R0331,remove,520453063
P2001R0331,remove,500319434
P2001R0331,remove,500466042
P2001R0331,remove,520453072
2018R0393,remove,520452457
2020R0360,remove,540186546
P2010R0019,remove,520010318
2018K0376,remove,321589704
2021K0371,remove,321589704
P2012K0578,remove,321589704
2018R0393,remove,520452448
2018R0393,remove,540186494
409135788fe521db0ccd1b608fd98eb6,remove,321600497
2021R0239,remove,540195741
409135788fe521db0ccd1b608fd98eb6,remove,B00680917
P2018R0287,remove,540196731
409135788fe521db0ccd1b608fd98eb6,remove,B00645685
409135788fe521db0ccd1b608fd98eb6,remove,B00651087
409135788fe521db0ccd1b608fd98eb6,remove,B00650865
409135788fe521db0ccd1b608fd98eb6,remove,B00625252
409135788fe521db0ccd1b608fd98eb6,remove,B00643705
409135788fe521db0ccd1b608fd98eb6,remove,B00649561
409135788fe521db0ccd1b608fd98eb6,remove,B00646753
409135788fe521db0ccd1b608fd98eb6,remove,B00645244
409135788fe521db0ccd1b608fd98eb6,remove,B00640761
409135788fe521db0ccd1b608fd98eb6,remove,B00637594
409135788fe521db0ccd1b608fd98eb6,remove,B00621533
409135788fe521db0ccd1b608fd98eb6,remove,B00623789
409135788fe521db0ccd1b608fd98eb6,remove,B00621504
409135788fe521db0ccd1b608fd98eb6,remove,B00616358
409135788fe521db0ccd1b608fd98eb6,remove,B00614338
409135788fe521db0ccd1b608fd98eb6,remove,B00612352
409135788fe521db0ccd1b608fd98eb6,remove,B00601179
409135788fe521db0ccd1b608fd98eb6,remove,B00600073
409135788fe521db0ccd1b608fd98eb6,remove,B00591118
3776b3191f0c7bd61ec4d87fa2989b1e,remove,321184446
3776b3191f0c7bd61ec4d87fa2989b1e,remove,B00640786
3776b3191f0c7bd61ec4d87fa2989b1e,remove,321786457
3776b3191f0c7bd61ec4d87fa2989b1e,remove,B00546778
3776b3191f0c7bd61ec4d87fa2989b1e,remove,321597955
3776b3191f0c7bd61ec4d87fa2989b1e,remove,321595350
3776b3191f0c7bd61ec4d87fa2989b1e,remove,321591782
3776b3191f0c7bd61ec4d87fa2989b1e,remove,321383702
P2018M0155,remove,121188231
P2017M0259,remove,M00730274
P2016X0337,remove,210181337
P2016X0258,remove,210180533
P2016X0258,remove,210180542
P2016X0167,remove,220597030
P2016X0167,remove,X00675337
P2015X0433,remove,220563584
P2015M0120,remove,121831722
P2015M0120,remove,121831731
2022R0141,remove,520332827
P2015R0071,remove,520303797
P2014R0246,remove,520303797
P2014R0246,remove,520292781
P2013R0040,remove,520290088
P2015R0185,remove,520197260
P2015R0185,remove,520384085
2020R0141,remove,520368414
2020R0131,remove,520368423
P2007R0109,remove,S00487063
P2016R0339,remove,520373907
P2018R0263,remove,520395572
P2012R0118,remove,520292576
P2006R0094,add,520094433
P2006R0094,add,520094460
P2006R0094,add,520094479
P2006R0094,add,520094488
P2006R0094,add,520094512
P2006R0094,add,520094521
P2006R0094,add,520094594
P2006R0094,add,520094601
P2006R0094,add,520094647
P2006R0094,add,520094656
P2017R0399,add,520318889
P2006R0094,remove,520318861
P2006R0094,remove,520318898
P2006R0094,remove,500901349
P2006R0094,remove,520104725
P2006R0094,remove,520104734
P2005R0056,remove,520292772
P2001R0229,remove,520357131
2019R0150,add,500625754
P2014R0149,remove,520120798
P2012R0574,remove,520166775
P2016M0321,remove,M00522293
P2015M0599,remove,M00522293
P2016M0321,remove,M00558120
P2016M0334,remove,M00558120
2021M0262,remove,M00677528
2022K0439,remove,B00611166
2022K0439,remove,B00611202
P2009M0322,remove,120794499
P2012M0485,remove,110030485
P2012M0485,remove,120027434
P2012M0293,remove,121120768
